obj|label|objtype|id|shape|time_general|time_detail|condition|material|mantype|arachneEntity|arachneModel
1358c742-585b-40dc-92e4-ccd65c1aeef0|lamp with men and grape|ARS_Object|O.06013|lamp|Late Antiquity|early 5. century AD|complete|clay|mould made|http://arachne.dainst.org/entity/7031187|http://arachne.dainst.org/entity/7031188
2d986f4e-77e9-43a9-9cca-28564978c7d4|lamp with men and palm|ARS_Object|O.06014|lamp|Late Antiquity|early 5. century AD|complete|clay|mould made|http://arachne.dainst.org/entity/7031179|http://arachne.dainst.org/entity/7031180
5a9b4b32-0015-46d2-9ad9-ab16bb0e94a0|dish with grapes |ARS_Object|O.07046|dish|Late Antiquity|420-450 AD|complete|clay|potter wheel|http://arachne.dainst.org/entity/7031143|http://arachne.dainst.org/entity/7031144
32f176e7-2baa-4801-87f6-bf62e37b1458|dish with soldier|ARS_Object|O.09086|dish|Late Antiquity|early 6. century AD|reconstructed|clay|potter wheel|http://arachne.dainst.org/entity/7031427|http://arachne.dainst.org/entity/7031428
c436b4e5-bd6d-4216-84c6-a114f6700b57|dish with man holding cross|ARS_Object|O.09087|dish|||reconstructed|clay|potter wheel|http://arachne.dainst.org/entity/7031617|http://arachne.dainst.org/entity/7031618
a80bcdd8-b981-4c63-9fe9-38edae04e550|dish with soldiers|ARS_Object|O.13849|dish|||reconstructed|clay|potter wheel|http://arachne.dainst.org/entity/7031619|http://arachne.dainst.org/entity/7031620
23a100ab-d0c9-4005-93d5-f5be496b20ea|dish with leaves|ARS_Object|O.13850|dish|Late Antiquity|early 5. century AD|reconstructed|clay|potter wheel|http://arachne.dainst.org/entity/7031429|http://arachne.dainst.org/entity/7031430
6a010361-1564-4b97-98df-249e5ab8bc26|lamp with hare|ARS_Object|O.16594|lamp|Late Antiquity|330-370 to early 5. century AD|complete|clay|mould made|http://arachne.dainst.org/entity/7031171|http://arachne.dainst.org/entity/7031172
e8c990cb-cc9f-4424-bedf-170e57a0e958|dish with leaves and medallions|ARS_Object|O.16689|dish|Late Antiquity|early 5. century AD|complete|clay|potter wheel|http://arachne.dainst.org/entity/7031161|http://arachne.dainst.org/entity/7031162
b27cb6ac-d4de-413d-bbb6-50f99d6dd2fa|bowl with leaves|ARS_Object|O.17546|bowl|||fragmented|clay|potter wheel|http://arachne.dainst.org/entity/7031589|http://arachne.dainst.org/entity/7031590
79ae1a7a-5fcc-4a8b-a1d7-1337e2d89783|lamp with ChristogramÂ |ARS_Object|O.21965|lamp|Late Antiquity|330-370 to early 5. century AD|complete|clay|mould made|http://arachne.dainst.org/entity/7031151|http://arachne.dainst.org/entity/7031152
0adaf0b2-b332-48e6-bc24-4869b97cddd2|lamp with peacock|ARS_Object|O.29721|lamp|Late Antiquity|330-370 to early 5. century AD|reconstructed|clay|mould made|http://arachne.dainst.org/entity/7031423|http://arachne.dainst.org/entity/7031424
7e5ebdd5-77e1-444f-a6fc-75fc01f6e717|lamp with portrait|ARS_Object|O.31265|lamp|Late Antiquity|mid-late 5. century AD|complete|clay|mould made|http://arachne.dainst.org/entity/7031185|http://arachne.dainst.org/entity/7031186
27ce2883-5029-43b5-bc17-f51d236311f3|lamp with Christogram|ARS_Object|O.34570|lamp|Late Antiquity|mid-late 5. century AD|complete|clay|mould made|http://arachne.dainst.org/entity/7031177|http://arachne.dainst.org/entity/7031178
e9480b74-e3e2-4ac7-99fb-624fbc7dee9d|lamp with fish|ARS_Object|O.34573|lamp|||complete|clay|mould made|http://arachne.dainst.org/entity/7031587|http://arachne.dainst.org/entity/7031588
eab38a5a-aaa2-41a1-b17b-0b91cbab006c|bowl with Hercules and Victoria|ARS_Object|O.39446|bowl|Late Antiquity|310/320-430/450 AD|reconstructed|clay|potter wheel|http://arachne.dainst.org/entity/7031435|http://arachne.dainst.org/entity/7031436
b791ab03-d723-448e-ae84-06090c585cbc|bowl with Good Shepherd|ARS_Object|O.39447|bowl|Late Antiquity|310/320-430/450 AD|reconstructed|clay|potter wheel|http://arachne.dainst.org/entity/7031431|http://arachne.dainst.org/entity/7031432
9851bb13-303e-452b-ae1d-afa27fc5f7a0|bowl with paralytic|ARS_Object|O.39448|bowl|Late Antiquity|310/320-430/450 AD|reconstructed|clay|potter wheel|http://arachne.dainst.org/entity/7031381|http://arachne.dainst.org/entity/7031382
8332c162-43a7-4d3e-8376-2496e0967fe5|bowl with the judgement of Solomon|ARS_Object|O.39449|bowl|Late Antiquity|310/320-430/450 AD|reconstructed|clay|potter wheel|http://arachne.dainst.org/entity/7031455|http://arachne.dainst.org/entity/7031456
d4817291-da07-4434-b883-179c1ecc9b9f|bowl with hare and branch|ARS_Object|O.39450|bowl|Late Antiquity|310/320-430/450 AD|reconstructed|clay|potter wheel|http://arachne.dainst.org/entity/7031407|http://arachne.dainst.org/entity/7031408
211865dd-e890-4f53-928c-4c9176b4633f|bowl with woman and basket|ARS_Object|O.39466|bowl|Late Antiquity|310/320-430/450 AD|reconstructed|clay|potter wheel|http://arachne.dainst.org/entity/7031487|http://arachne.dainst.org/entity/7031488
94852fe4-96c0-4b8f-9b0b-637c51391f39|bowl with Mithras and bull|ARS_Object|O.39580|bowl|Late Antiquity|310/320-430/450 AD|reconstructed|clay|potter wheel|http://arachne.dainst.org/entity/7031489|http://arachne.dainst.org/entity/7031490
fd3f06f5-f550-403e-95d3-bed59bb44f3b|bowl with quadriga|ARS_Object|O.39581|bowl|Late Antiquity|310/320-430/450 AD|reconstructed|clay|potter wheel|http://arachne.dainst.org/entity/7031491|http://arachne.dainst.org/entity/7031492
b66e4a77-656b-4d95-8f28-f1c8520dd78f|bowl with animals|ARS_Object|O.39599|bowl|Late Antiquity|310/320-430/450 AD|reconstructed|clay|potter wheel|http://arachne.dainst.org/entity/7031457|http://arachne.dainst.org/entity/7031458
433e8d5c-852b-478e-aea7-a95f113d80ce|bowl with Orpheus and boar|ARS_Object|O.39600|bowl|Late Antiquity|310/320-430/450 AD|reconstructed|clay|potter wheel|http://arachne.dainst.org/entity/7031493|http://arachne.dainst.org/entity/7031494
722bc351-bf41-4d1f-a03e-64a0c576a4a8|bowl with animal hunt|ARS_Object|O.39601|bowl|Late Antiquity|310/320-430/450 AD|reconstructed|clay|potter wheel|http://arachne.dainst.org/entity/7031461|http://arachne.dainst.org/entity/7031462
48ea1d18-6f68-4722-911c-39b91f7a4dc8|lamp with Christ|ARS_Object|O.39603|lamp|Late Antiquity|330-370 to early 5. century AD|complete|clay|mould made|http://arachne.dainst.org/entity/7031153|http://arachne.dainst.org/entity/7031154
fb02f50f-8aba-493f-bda5-ee706c67dbdc|bowl with men and fiery furnace|ARS_Object|O.39630|bowl|Late Antiquity|310/320-430/450 AD|reconstructed|clay|potter wheel|http://arachne.dainst.org/entity/7031463|http://arachne.dainst.org/entity/7031464
e9c47c62-45c5-41a6-bfdc-522e8813de58|bowl with camels|ARS_Object|O.39638|bowl|Late Antiquity|310/320-430/450 AD|reconstructed|clay|potter wheel|http://arachne.dainst.org/entity/7031383|http://arachne.dainst.org/entity/7031384
6f5e3fb8-226d-464b-891b-4e15411c0d24|bowl with man and woman|ARS_Object|O.39675|bowl|Late Antiquity|310/320-430/450 AD|reconstructed|clay|potter wheel|http://arachne.dainst.org/entity/7031443|http://arachne.dainst.org/entity/7031444
57052b95-ca87-4d40-b59c-7c4128f78b23|bowl with Hercules killing the Nemean lion|ARS_Object|O.39676|bowl|Late Antiquity|310/320-430/450 AD|reconstructed|clay|potter wheel|http://arachne.dainst.org/entity/7031379|http://arachne.dainst.org/entity/7031380
f8f92071-fcb4-4cf6-96d2-fcd341490178|bowl with erots and fishes|ARS_Object|O.39677|bowl|Late Antiquity|310/320-430/450 AD|reconstructed|clay|potter wheel|http://arachne.dainst.org/entity/7031385|http://arachne.dainst.org/entity/7031386
78047d0d-07f8-495c-9827-50998ca11300|bowl with men |ARS_Object|O.39678|bowl|Late Antiquity|310/320-430/450 AD|reconstructed|clay|potter wheel|http://arachne.dainst.org/entity/7031465|http://arachne.dainst.org/entity/7031466
84fdef8d-8c45-40bf-93c9-7a1fd2cb6f22|bowl with woman and lions|ARS_Object|O.39679|bowl|Late Antiquity|310/320-430/450 AD|reconstructed|clay|potter wheel|http://arachne.dainst.org/entity/7031467|http://arachne.dainst.org/entity/7031468
fd30f182-a486-474f-adff-c10acde05026|bowl with Jonah cycle|ARS_Object|O.39680|bowl|Late Antiquity|310/320-430/450 AD|reconstructed|clay|potter wheel|http://arachne.dainst.org/entity/7031409|http://arachne.dainst.org/entity/7031410
47722385-a425-4ab9-a6e6-4929082ca0db|bowl with man and Cantharus|ARS_Object|O.39710|bowl|Late Antiquity|310/320-430/450 AD|reconstructed|clay|potter wheel|http://arachne.dainst.org/entity/7031387|http://arachne.dainst.org/entity/7031388
8703dc7e-579e-48f0-a102-bac259527763|bowl with Pan|ARS_Object|O.39711|bowl|Late Antiquity|310/320-430/450 AD|reconstructed|clay|potter wheel|http://arachne.dainst.org/entity/7031495|http://arachne.dainst.org/entity/7031496
400da0ee-b024-47b6-923f-b0dcddcbbc75|bowl with martyr and bears|ARS_Object|O.39712|bowl|Late Antiquity|310/320-430/450 AD|reconstructed|clay|potter wheel|http://arachne.dainst.org/entity/7031469|http://arachne.dainst.org/entity/7031470
c99c4aea-0b41-4270-8716-742c55f4d756|bowl with Bacchus and dog|ARS_Object|O.39713|bowl|Late Antiquity|310/320-430/450 AD|reconstructed|clay|potter wheel|http://arachne.dainst.org/entity/7031471|http://arachne.dainst.org/entity/7031472
ebbab89f-0208-4e7f-9298-4ad003752660|jug with Bacchus, Pan and Mithras|ARS_Object|O.39714|jug|||complete|clay||http://arachne.dainst.org/entity/7031639|http://arachne.dainst.org/entity/7031640
6e7ed584-db00-4e8d-8652-54931f4ce804|bowl with woman and erot|ARS_Object|O.39715|bowl|Late Antiquity|310/320-430/450 AD|reconstructed|clay|potter wheel|http://arachne.dainst.org/entity/7031437|http://arachne.dainst.org/entity/7031438
234a736a-666f-4a3e-98d8-964bcf8f07f9|bowl with man and woman|ARS_Object|O.39740|bowl|Late Antiquity|310/320-430/450 AD|reconstructed|clay|potter wheel|http://arachne.dainst.org/entity/7031459|http://arachne.dainst.org/entity/7031460
481e3d80-cc7e-4f3b-91fc-2f7543954eca|bowl with Jonah cycle|ARS_Object|O.39746|bowl|Late Antiquity|310/320-430/450 AD|reconstructed|clay|potter wheel|http://arachne.dainst.org/entity/7031497|http://arachne.dainst.org/entity/7031498
4dc14582-fb7f-4d5e-a14d-79271ee733a3|bowl with Adam and Eve|ARS_Object|O.39768|bowl|Late Antiquity|310/320-430/450 AD|complete|clay|potter wheel|http://arachne.dainst.org/entity/7031157|http://arachne.dainst.org/entity/7031158
6a881b21-9361-4adb-aac1-5a35f3d31e50|bowl with Hercules|ARS_Object|O.39770|bowl|Late Antiquity|310/320-430/450 AD|reconstructed|clay|potter wheel|http://arachne.dainst.org/entity/7031411|http://arachne.dainst.org/entity/7031412
387b9391-715e-4869-85ec-936812adfe3e|bowl with Orpheus|ARS_Object|O.39771|bowl|Late Antiquity|310/320-430/450 AD|reconstructed|clay|potter wheel|http://arachne.dainst.org/entity/7031389|http://arachne.dainst.org/entity/7031390
595257bc-f279-49d0-bd69-9fbca4d63dab|bowl with Hercules and the apples of the Hesperides|ARS_Object|O.39780|bowl|Late Antiquity|310/320-430/450 AD|complete|clay|potter wheel|http://arachne.dainst.org/entity/7031199|http://arachne.dainst.org/entity/7031200
91ac60d1-a1c4-4582-92dc-9830eaea101c|mould Achilles|Manufacturing_Object|O.39781|mould||||plaster||http://arachne.dainst.org/entity/7031719|http://arachne.dainst.org/entity/7031720
c287a789-306e-44a7-9aab-35e4af7acbde|mould circus|Manufacturing_Object|O.39782|mould||||plaster||http://arachne.dainst.org/entity/7031733|http://arachne.dainst.org/entity/7031734
bf0c2b78-5f24-48f5-91a2-d2221259e097|mould charioteer|Manufacturing_Object|O.39783|mould|||complete|plaster||http://arachne.dainst.org/entity/7031663|http://arachne.dainst.org/entity/7031664
ecec571f-447c-4651-acdd-c3f8bba4991d|bowl with men and columns|ARS_Object|O.39784|bowl|Late Antiquity|310/320-430/450 AD|reconstructed|clay|potter wheel|http://arachne.dainst.org/entity/7031473|http://arachne.dainst.org/entity/7031474
456117d8-276b-4ceb-94ce-cc8c955a215f|bowl with satyr and maenad|ARS_Object|O.39785|bowl|Late Antiquity|310/320-430/450 AD|reconstructed|clay|potter wheel|http://arachne.dainst.org/entity/7031391|http://arachne.dainst.org/entity/7031392
ec2128a1-ff6a-4a7a-9710-f9503a313b59|bowl with erots on board|ARS_Object|O.39786|bowl|Late Antiquity|310/320-430/450 AD|reconstructed|clay|potter wheel|http://arachne.dainst.org/entity/7031439|http://arachne.dainst.org/entity/7031440
b207dd1e-716e-45fa-90a5-e56647d9c540|bowl with animals|ARS_Object|O.39803|bowl|Late Antiquity|310/320-430/450 AD|reconstructed|clay|potter wheel|http://arachne.dainst.org/entity/7031393|http://arachne.dainst.org/entity/7031394
88e6c61b-637c-4d9d-91a6-8c55f08b02dd|lamp with Christogram|ARS_Object|O.39807|lamp|Late Antiquity|330-370 to early 5. century AD|reconstructed|clay|mould made|http://arachne.dainst.org/entity/7031451|http://arachne.dainst.org/entity/7031452
4c6d23ed-691e-4a18-af2a-5c88041f3f29|bowl with dolphin and fishes|ARS_Object|O.39808|bowl|Late Antiquity|310/320-430/450 AD|reconstructed|clay|potter wheel|http://arachne.dainst.org/entity/7031395|http://arachne.dainst.org/entity/7031396
c66ca8e7-1aa4-49e2-be2d-f5d03d2bee84|mould men with phrygian caps|Manufacturing_Object|O.39816|mould|||complete|plaster||http://arachne.dainst.org/entity/7031665|http://arachne.dainst.org/entity/7031666
5e7f46bc-8d2d-4537-8564-14210a1f556e|mould circus|Manufacturing_Object|O.39817|mould|||complete|plaster||http://arachne.dainst.org/entity/7031667|http://arachne.dainst.org/entity/7031668
09114937-85ef-4bf5-bca0-351696030cd2|bowl with fishes|ARS_Object|O.39846|bowl|Late Antiquity|310/320-430/450 AD|complete|clay|potter wheel|http://arachne.dainst.org/entity/7031193|http://arachne.dainst.org/entity/7031194
e3816d76-1824-4cc9-95d4-eebfc6ea144c|bowl with sea goddess|ARS_Object|O.39847|bowl|Late Antiquity|310/320-430/450 AD|reconstructed|clay|potter wheel|http://arachne.dainst.org/entity/7031475|http://arachne.dainst.org/entity/7031476
a64e709f-68b2-41d0-9483-4428561c91fb|bowl with animal hunt|ARS_Object|O.39848|bowl|Late Antiquity|310/320-430/450 AD|reconstructed|clay|potter wheel|http://arachne.dainst.org/entity/7031397|http://arachne.dainst.org/entity/7031398
181da2ee-0e13-4abd-9dc0-c0703607a7fa|dish with dolphin and Oceanus mask|ARS_Object|O.39850|dish|Late Antiquity|4. century AD|reconstructed|clay||http://arachne.dainst.org/entity/7031577|http://arachne.dainst.org/entity/7031578
abcf7b22-bb97-4c2c-add9-765e6899b728|bowl with Venus in temple|ARS_Object|O.39860|bowl|Late Antiquity|310/320-430/450 AD|reconstructed|clay|potter wheel|http://arachne.dainst.org/entity/7031441|http://arachne.dainst.org/entity/7031442
64c2cb47-bbfc-44c4-9108-3dd6859150f0|bowl with sitting human, lion and leopard|ARS_Object|O.39895|bowl|Late Antiquity|310/320-430/450 AD|complete|clay|potter wheel|http://arachne.dainst.org/entity/7031133|http://arachne.dainst.org/entity/7031134
554ce8ce-fa32-4cb1-8466-3150d0e9ab32|bowl with quadriga and bear|ARS_Object|O.39896|bowl|Late Antiquity|310/320-430/450 AD|complete|clay|potter wheel|http://arachne.dainst.org/entity/7031201|http://arachne.dainst.org/entity/7031202
cfdc258d-f2c8-4869-adeb-7e247c0207fa|lamp with men and angel|ARS_Object|O.40508|lamp|Late Antiquity|330-370 to early 5. century AD|complete|clay|mould made|http://arachne.dainst.org/entity/7031155|http://arachne.dainst.org/entity/7031156
ae4dbf14-8923-4b78-9596-d36db460dcba|lamp with Achilles and Hector|ARS_Object|O.40509|lamp|Late Antiquity|330-370 to early 5. century AD|complete|clay|mould made|http://arachne.dainst.org/entity/7031163|http://arachne.dainst.org/entity/7031164
1fa4014c-4e32-478c-8aa1-6632253f6fff|bowl with boat and octopus|ARS_Object|O.40522|bowl|||reconstructed|clay|potter wheel|http://arachne.dainst.org/entity/7031615|http://arachne.dainst.org/entity/7031616
d34a0732-4ec4-40a7-bd41-d1876891a6f5|rectangular dish with Achilles cycle|ARS_Object|O.40529|rectangular dish|Late Antiquity|350/355 - 450/475 AD|fragmented|clay|mould made|http://arachne.dainst.org/entity/7031539|http://arachne.dainst.org/entity/7031540
f1ba6dd0-7639-47eb-bfcb-c0d15bc7211d|rectangular dish with erots|ARS_Object|O.40530|rectangular dish|Late Antiquity|350/355 - 450/475 AD|fragmented|clay|mould made|http://arachne.dainst.org/entity/7031567|http://arachne.dainst.org/entity/7031568
8ab8e761-1668-462e-832c-55317a5721dd|rectangular dish with Achilles cycle|ARS_Object|O.40531|rectangular dish|Late Antiquity|350/355 - 450/475 AD|fragmented|clay|mould made|http://arachne.dainst.org/entity/7031547|http://arachne.dainst.org/entity/7031548
ecb7e7ba-0978-450e-8c89-0b10c0f12d47|rectangular dish with Achilles cycle|ARS_Object|O.40532|rectangular dish|Late Antiquity|350/355 - 450/475 AD|fragmented|clay|mould made|http://arachne.dainst.org/entity/7031573|http://arachne.dainst.org/entity/7031574
d36aa656-be09-4655-89c0-befc64fce65e|rectangular dish with Achilles cycle|ARS_Object|O.40533|rectangular dish|Late Antiquity|350/355 - 450/475 AD|fragmented|clay|mould made|http://arachne.dainst.org/entity/7031549|http://arachne.dainst.org/entity/7031550
5531692d-df51-407f-abf5-3d206d2be3a2|dish with boat and hybrids|ARS_Object|O.40534|dish|Late Antiquity|mid-late 4. century AD|fragmented|clay|potter wheel|http://arachne.dainst.org/entity/7031299|http://arachne.dainst.org/entity/7031300
7cdf05c9-126f-4e44-93c1-446bbd1970e9|dish with Hercules and Cerberus|ARS_Object|O.40535|dish|Late Antiquity|4.-5. century AD|fragmented|clay|potter wheel|http://arachne.dainst.org/entity/7031269|http://arachne.dainst.org/entity/7031270
95c8cc98-06a8-4bb6-a85b-fcc93c98689f|bowl with Abraham and Isaac|ARS_Object|O.40573|bowl|Late Antiquity|310/320-430/450 AD|complete|clay|potter wheel|http://arachne.dainst.org/entity/7031203|http://arachne.dainst.org/entity/7031204
a8437964-4402-4c7e-ba58-2b80b585e8c0|bowl with lions and Kantharos|ARS_Object|O.40574|bowl|Late Antiquity|310/320-430/450 AD|complete|clay|potter wheel|http://arachne.dainst.org/entity/7031135|http://arachne.dainst.org/entity/7031136
753cfb6d-5d45-4e35-852e-e58579a57412|bowl with man and lions|ARS_Object|O.40575|bowl|Late Antiquity|310/320-430/450 AD|reconstructed|clay|potter wheel|http://arachne.dainst.org/entity/7031399|http://arachne.dainst.org/entity/7031400
2c81898a-647b-4527-a3ba-544e918460ca|bowl with Hercules and Minerva|ARS_Object|O.40576|bowl|Late Antiquity|310/320-430/450 AD|complete|clay|potter wheel|http://arachne.dainst.org/entity/7031169|http://arachne.dainst.org/entity/7031170
94d674a2-b44b-45c6-8322-ee67c03067cd|mould lamp ornament with leaves|Manufacturing_Object|O.40577|mould|||complete|plaster||http://arachne.dainst.org/entity/7031659|http://arachne.dainst.org/entity/7031660
a5378320-ddb6-49b3-87c0-541cb3753156|mould lamp|Manufacturing_Object|O.40577|mould|||complete|plaster||http://arachne.dainst.org/entity/7031661|http://arachne.dainst.org/entity/7031662
c3ddb5e5-2c75-4ab3-9381-ebebc06ace1b|bowl with Hercules and Victoria|ARS_Object|O.40718|bowl|Late Antiquity|310/320-430/450 AD|reconstructed|clay|potter wheel|http://arachne.dainst.org/entity/7031477|http://arachne.dainst.org/entity/7031478
6b46eb63-a258-4076-963f-49b2d0a8530f|bowl with boat and basket|ARS_Object|O.40719|bowl|Late Antiquity|310/320-430/450 AD|complete|clay|potter wheel|http://arachne.dainst.org/entity/7031137|http://arachne.dainst.org/entity/7031138
6b5c47ad-82d9-4e20-a2f1-57b357a1df22|bowl with hare and baskets|ARS_Object|O.40742|bowl|Late Antiquity|280/300 to late 4. century AD|complete|clay|potter wheel|http://arachne.dainst.org/entity/7031141|http://arachne.dainst.org/entity/7031142
aebe3f9b-6896-4c03-b451-d4ca73aa8ad0|bowl with ornament and dots|ARS_Object|O.40743|bowl|Late Antiquity|280/300 to late 4. century AD|reconstructed|clay|potter wheel|http://arachne.dainst.org/entity/7031447|http://arachne.dainst.org/entity/7031448
888d0c6b-dfdc-4ee7-a0b7-51958bdbd5f9|dish with ornament|ARS_Object|O.40744|dish|||complete|clay|potter wheel|http://arachne.dainst.org/entity/7031583|http://arachne.dainst.org/entity/7031584
29785142-b299-49bd-a2fa-23cf1e129254|candle holder with dots|ARS_Object|O.40745|||||clay||http://arachne.dainst.org/entity/7031766|http://arachne.dainst.org/entity/7031767
9385f9d6-2523-4c71-a520-07544a35b8f5|bowl with palmetto|ARS_Object|O.40747|bowl|Late Antiquity|4. century AD|complete|clay|potter wheel|http://arachne.dainst.org/entity/7031159|http://arachne.dainst.org/entity/7031160
933b6a2b-c1c8-44b5-bf74-83a6c30d4483|jug with dents|ARS_Object|O.40748|jug|||complete|clay||http://arachne.dainst.org/entity/7031635|http://arachne.dainst.org/entity/7031636
fbe93657-07bc-48d3-8d85-6c5464248e4e|figure ram |ARS_Object|O.40751|||||||http://arachne.dainst.org/entity/7031774|http://arachne.dainst.org/entity/7031775
5fec3ce4-ea49-4d4f-ae75-ec5c9f1e0f6c|figure fish|ARS_Object|O.40752|||||||http://arachne.dainst.org/entity/7031776|http://arachne.dainst.org/entity/7031777
2da5d93e-96f7-41b2-a7ee-cf3a5d81e946|mould animal|Manufacturing_Object|O.40753|mould||||||http://arachne.dainst.org/entity/7031778|http://arachne.dainst.org/entity/7031779
b8ff417b-d71c-4765-b355-4f1cb308d769|lamp with men and animal|ARS_Object|O.40754|lamp|||complete|clay|mould made|http://arachne.dainst.org/entity/7031585|http://arachne.dainst.org/entity/7031586
628d4a12-c65f-4a1d-b750-0721fe17d8a6|lamp with Achilles|ARS_Object|O.40755|lamp|Late Antiquity|330-370 to early 5. century AD|complete|clay|mould made|http://arachne.dainst.org/entity/7031189|http://arachne.dainst.org/entity/7031190
c078b794-e522-4d7c-8195-b9ceca44943a|lamp with Triton|ARS_Object|O.40756|lamp|Late Antiquity|330-370 to early 5. century AD|complete|clay|mould made|http://arachne.dainst.org/entity/7031191|http://arachne.dainst.org/entity/7031192
eb4c5d03-04d5-401d-b9dc-79e615dea6a4|lamp with Hercules|ARS_Object|O.40757|lamp|Late Antiquity|330-370 to early 5. century AD|complete|clay|mould made|http://arachne.dainst.org/entity/7031165|http://arachne.dainst.org/entity/7031166
a1844e9d-0868-482e-bdcb-ff19ebb10ac4|lamp with soldier|ARS_Object|O.40758|lamp|Late Antiquity|late 4. or early 5. century AD|reconstructed|clay|mould made|http://arachne.dainst.org/entity/7031449|http://arachne.dainst.org/entity/7031450
92075180-f7b5-4d6b-b2c0-f60c452aec82|fragment with Christogram|ARS_Object|O.40759|unclassified|||fragmented|clay|mould made|http://arachne.dainst.org/entity/7031629|http://arachne.dainst.org/entity/7031630
82e682b0-eed4-4ecb-aaca-96ff45bf1132|fragment with Christogram|ARS_Object|O.40760|unclassified|||fragmented|clay|mould made|http://arachne.dainst.org/entity/7031631|http://arachne.dainst.org/entity/7031632
47def21b-ca45-4dbd-9eac-899956149b1d|bowl with animal hunt|ARS_Object|O.40761|bowl|Late Antiquity|310/320-430/450 AD|complete|clay|potter wheel|http://arachne.dainst.org/entity/7031131|http://arachne.dainst.org/entity/7031132
17ed6b0e-e24c-4887-839d-0d9bcdc5bf76|rectangular dish with dots|ARS_Object|O.40762|rectangular dish|Late Antiquity|350/355 - 450/475 AD|fragmented|clay||http://arachne.dainst.org/entity/7031579|http://arachne.dainst.org/entity/7031580
39425a25-7a78-46c1-b474-f565e38f11ed|bowl with mask|ARS_Object|O.40763|bowl|||fragmented|clay||http://arachne.dainst.org/entity/7031649|http://arachne.dainst.org/entity/7031650
afb5bbe7-ec17-4c72-892a-30366541cf03|rectangular dish with gladiator|ARS_Object|O.40764|rectangular dish|Late Antiquity|350/355 - 450/475 AD|fragmented|clay|mould made|http://arachne.dainst.org/entity/7031561|http://arachne.dainst.org/entity/7031562
63d36a81-93df-46a6-b5bd-c3e79edc87cd|rectangular dish with Minerva|ARS_Object|O.40765|rectangular dish|Late Antiquity|early 5. century AD|fragmented|clay|mould made|http://arachne.dainst.org/entity/7031551|http://arachne.dainst.org/entity/7031552
72e49ef5-b107-4a58-bda3-7c0a06a3d213|rectangular dish with medallions|ARS_Object|O.40766|rectangular dish|Late Antiquity|350/355 - 450/475 AD|fragmented|clay|mould made|http://arachne.dainst.org/entity/7031563|http://arachne.dainst.org/entity/7031564
8d299349-833d-4335-a91f-107e4b97e10e|rectangular dish with erots|ARS_Object|O.40767|rectangular dish|Late Antiquity|350/355 - 450/475 AD|fragmented|clay|mould made|http://arachne.dainst.org/entity/7031531|http://arachne.dainst.org/entity/7031532
f30fed53-deae-4b10-a69c-5eebd6f87c7c|plate with Oceanus mask and dolphins|ARS_Object|O.40768|plate|Late Antiquity|260-320 or mid-late 4. century AD|fragmented|clay|potter wheel|http://arachne.dainst.org/entity/7031227|http://arachne.dainst.org/entity/7031228
3ce48b4e-ab71-421c-a6d4-398e392a86f5|rectangular dish with Achilles cycle|ARS_Object|O.40769|rectangular dish|Late Antiquity|350/355 - 450/475 AD|fragmented|clay|mould made|http://arachne.dainst.org/entity/7031565|http://arachne.dainst.org/entity/7031566
02a31d01-bcec-4466-91cc-d0da421590f6|rectangular dish with men|ARS_Object|O.40770|rectangular dish|Late Antiquity|350/355 - 450/475 AD|fragmented|clay|mould made|http://arachne.dainst.org/entity/7031505|http://arachne.dainst.org/entity/7031506
7ed86d39-fe9d-4e8f-9266-d4ef79add94b|rectangular dish with circus|ARS_Object|O.40771|rectangular dish|Late Antiquity|350/355 - 450/475 AD|fragmented|clay|mould made|http://arachne.dainst.org/entity/7031517|http://arachne.dainst.org/entity/7031518
9b2be195-e95b-4419-bb2e-11e215e07e4a|rectangular dish with man and horse|ARS_Object|O.40772|rectangular dish|Late Antiquity|350/355 - 450/475 AD|fragmented|clay|mould made|http://arachne.dainst.org/entity/7031521|http://arachne.dainst.org/entity/7031522
e28fe661-bee8-4ea4-ab4d-53b3e385709b|jug with Neptun and boat|ARS_Object|O.40773|jug|||fragmented|clay|potter wheel|http://arachne.dainst.org/entity/7031601|http://arachne.dainst.org/entity/7031602
6436c5eb-4e56-4932-bf74-0a8f29732beb|bowl with Cantharus|ARS_Object|O.40774|bowl|Late Antiquity|310/320-430/450 AD|fragmented|clay|potter wheel|http://arachne.dainst.org/entity/7031323|http://arachne.dainst.org/entity/7031324
3971ecb2-0c7f-4dcf-a5d9-dc85d4ed8a8e|bowl with man|ARS_Object|O.40775|bowl|Late Antiquity|310/320-430/450 AD|fragmented|clay|potter wheel|http://arachne.dainst.org/entity/7031349|http://arachne.dainst.org/entity/7031350
6ba4ab65-07fb-4ec5-bc66-dc9646afd17e|bowl with human holding wreath|ARS_Object|O.40776|bowl|Late Antiquity|310/320-430/450 AD|fragmented|clay|potter wheel|http://arachne.dainst.org/entity/7031365|http://arachne.dainst.org/entity/7031366
1bbbb26b-04f5-48e9-8a14-57e3991bc711|bowl with inscription|ARS_Object|O.40777|bowl|Late Antiquity|310/320-430/450 AD|fragmented|clay|potter wheel|http://arachne.dainst.org/entity/7031351|http://arachne.dainst.org/entity/7031352
657031c9-ed56-4fc9-8976-595567fdcebe|bowl with erot|ARS_Object|O.40778|bowl|Late Antiquity|310/320-430/450 AD|fragmented|clay|potter wheel|http://arachne.dainst.org/entity/7031325|http://arachne.dainst.org/entity/7031326
6c1486fd-19ab-4b16-9c68-45f720772680|bowl with woman|ARS_Object|O.40779|bowl|Late Antiquity|310/320-430/450 AD|fragmented|clay|potter wheel|http://arachne.dainst.org/entity/7031237|http://arachne.dainst.org/entity/7031238
c674bce8-09de-4bd7-9c32-acc5efccb383|bowl with woman|ARS_Object|O.40780|bowl|Late Antiquity|310/320-430/450 AD|fragmented|clay|potter wheel|http://arachne.dainst.org/entity/7031353|http://arachne.dainst.org/entity/7031354
03669313-ca27-4918-ab2d-6bd0d68d44f1|bowl with man|ARS_Object|O.40781|bowl|Late Antiquity|310/320-430/450 AD|fragmented|clay|potter wheel|http://arachne.dainst.org/entity/7031355|http://arachne.dainst.org/entity/7031356
f59a3c87-e617-4d78-b6de-7c844ff69d43|bowl with Orpheus and bear|ARS_Object|O.40782|bowl|Late Antiquity|310/320-430/450 AD|fragmented|clay|potter wheel|http://arachne.dainst.org/entity/7031327|http://arachne.dainst.org/entity/7031328
2b8cf3ce-914f-472e-a48a-b5d880bf3cec|rectangular dish with hunter|ARS_Object|O.40783|rectangular dish|Late Antiquity|350/355 - 450/475 AD|fragmented|clay|mould made|http://arachne.dainst.org/entity/7031523|http://arachne.dainst.org/entity/7031524
336480d0-010d-4859-9423-2764f0d0f862|bowl with bearded man|ARS_Object|O.40784|bowl|Late Antiquity|310/320-430/450 AD|fragmented|clay|potter wheel|http://arachne.dainst.org/entity/7031329|http://arachne.dainst.org/entity/7031330
0e4e84fd-1d0b-4389-a89d-2e5403699a65|bowl with Hercules|ARS_Object|O.40785|bowl|Late Antiquity|310/320-430/450 AD|fragmented|clay|potter wheel|http://arachne.dainst.org/entity/7031271|http://arachne.dainst.org/entity/7031272
92e51a4c-2f27-4bf9-a9f3-9ca0f5b2eff7|bowl with Bacchus|ARS_Object|O.40786|bowl|||fragmented|clay|potter wheel|http://arachne.dainst.org/entity/7031607|http://arachne.dainst.org/entity/7031608
5c8400db-f9c9-4d7a-bf6c-938ee9f977aa|bowl with man and rod|ARS_Object|O.40787|bowl|||fragmented|clay|potter wheel|http://arachne.dainst.org/entity/7031603|http://arachne.dainst.org/entity/7031604
886b1ad7-c519-4765-b5f0-6cc51e735f93|bowl with man and rod|ARS_Object|O.40788|bowl|Late Antiquity|310/320-430/450 AD|fragmented|clay|potter wheel|http://arachne.dainst.org/entity/7031331|http://arachne.dainst.org/entity/7031332
347849cd-9e37-495e-ac91-3672f982829a|bowl with bearded man|ARS_Object|O.40789|bowl|Late Antiquity|310/320-430/450 AD|fragmented|clay|potter wheel|http://arachne.dainst.org/entity/7031301|http://arachne.dainst.org/entity/7031302
96e547e8-fe6b-42b1-ab53-017d68ed0cb3|bowl with Hercules and Kerynitis doe|ARS_Object|O.40790|bowl|Late Antiquity|310/320-430/450 AD|fragmented|clay|potter wheel|http://arachne.dainst.org/entity/7031273|http://arachne.dainst.org/entity/7031274
a9ddd6b3-4983-4578-89b3-daf62c5f4bad|bowl with woman and erot|ARS_Object|O.40791|bowl|Late Antiquity|310/320-430/450 AD|fragmented|clay|potter wheel|http://arachne.dainst.org/entity/7031275|http://arachne.dainst.org/entity/7031276
85ecb9a4-0aeb-4b88-9bbf-3f0bd5f5caf3|bowl with satyr and maenad|ARS_Object|O.40792|bowl|Late Antiquity|310/320-430/450 AD|fragmented|clay|potter wheel|http://arachne.dainst.org/entity/7031333|http://arachne.dainst.org/entity/7031334
9635cd06-a54d-4fcd-8386-548279cdbae2|dish with paralytic|ARS_Object|O.40793|dish|||fragmented|clay||http://arachne.dainst.org/entity/7031645|http://arachne.dainst.org/entity/7031646
d91c86d4-150f-4ce0-a08a-8912d8582f7a|bowl with sacrifice of Isaac|ARS_Object|O.40794|bowl|Late Antiquity|310/320-430/450 AD|fragmented|clay|potter wheel|http://arachne.dainst.org/entity/7031335|http://arachne.dainst.org/entity/7031336
70f2a29f-91ee-408b-805b-23e02c5bf981|bowl with paralytic |ARS_Object|O.40795|bowl|Late Antiquity|310/320-430/450 AD|fragmented|clay|potter wheel|http://arachne.dainst.org/entity/7031205|http://arachne.dainst.org/entity/7031206
dc0620b5-4aef-4141-a3ca-b44b8ff222b3|bowl with paralytic|ARS_Object|O.40796|bowl|Late Antiquity|310/320-430/450 AD|fragmented|clay|potter wheel|http://arachne.dainst.org/entity/7031277|http://arachne.dainst.org/entity/7031278
235d893f-d8ed-41cc-a7d2-786393a09c5f|bowl with enthroned person|ARS_Object|O.40797|bowl|Late Antiquity|310/320-430/450 AD|fragmented|clay|potter wheel|http://arachne.dainst.org/entity/7031337|http://arachne.dainst.org/entity/7031338
d4903b69-733f-48e7-9ee1-4c9fd725fcc9|bowl with hand and tree|ARS_Object|O.40798|bowl|Late Antiquity|310/320-430/450 AD|fragmented|clay|potter wheel|http://arachne.dainst.org/entity/7031279|http://arachne.dainst.org/entity/7031280
4ee6e5e0-a831-4859-906f-1976ad72dbd9|bowl with erots on board|ARS_Object|O.40799|bowl|Late Antiquity|310/320-430/450 AD|fragmented|clay|potter wheel|http://arachne.dainst.org/entity/7031281|http://arachne.dainst.org/entity/7031282
d8e7a541-90ae-4161-9b9e-f944e53bb67e|dish with erots on board|ARS_Object|O.40800|dish|Late Antiquity|mid-late 4. century AD|fragmented|clay|mould made|http://arachne.dainst.org/entity/7031347|http://arachne.dainst.org/entity/7031348
7f8153b1-3574-43b6-ad0c-7a0dff121a76|bowl with erots and basket|ARS_Object|O.40801|bowl|Late Antiquity|310/320-430/450 AD|fragmented|clay|potter wheel|http://arachne.dainst.org/entity/7031283|http://arachne.dainst.org/entity/7031284
50f6facb-1e55-4cd0-b157-810f4ba9b8df|bowl with erots on board|ARS_Object|O.40802|bowl|Late Antiquity|310/320-430/450 AD|fragmented|clay|potter wheel|http://arachne.dainst.org/entity/7031285|http://arachne.dainst.org/entity/7031286
b9f06093-e9fb-47d4-a597-84b2e5f5e923|bowl with animal |ARS_Object|O.40803|bowl|Late Antiquity|310/320-430/450 AD|fragmented|clay|potter wheel|http://arachne.dainst.org/entity/7031287|http://arachne.dainst.org/entity/7031288
b621d561-abca-4c40-8758-41933da6b7a1|bowl with erots on board|ARS_Object|O.40804|bowl|Late Antiquity|310/320-430/450 AD|fragmented|clay|potter wheel|http://arachne.dainst.org/entity/7031289|http://arachne.dainst.org/entity/7031290
005a6925-ca3d-4201-92a8-23b702bb2653|bowl with Hercules|ARS_Object|O.40805|bowl|Late Antiquity|310/320-430/450 AD|fragmented|clay|potter wheel|http://arachne.dainst.org/entity/7031239|http://arachne.dainst.org/entity/7031240
6a333d42-f63e-42a5-b569-48473ddb92d4|bowl with enthroned human|ARS_Object|O.40806|bowl|Late Antiquity|310/320-430/450 AD|fragmented|clay|potter wheel|http://arachne.dainst.org/entity/7031291|http://arachne.dainst.org/entity/7031292
8676222f-2320-4167-b279-21f167c91b25|bowl with Hercules and lion pelt|ARS_Object|O.40807|bowl|Late Antiquity|310/320-430/450 AD|fragmented|clay|potter wheel|http://arachne.dainst.org/entity/7031339|http://arachne.dainst.org/entity/7031340
a0461f1c-604d-4095-98fb-c75e7327a146|bowl with man and sword|ARS_Object|O.40808|bowl|Late Antiquity|310/320-430/450 AD|fragmented|clay|potter wheel|http://arachne.dainst.org/entity/7031207|http://arachne.dainst.org/entity/7031208
bb4a12ba-f42a-4fc4-b636-a2ae1447cec5|bowl with lion pelt|ARS_Object|O.40809|bowl|Late Antiquity|310/320-430/450 AD|fragmented|clay|potter wheel|http://arachne.dainst.org/entity/7031241|http://arachne.dainst.org/entity/7031242
3ed16482-392d-4516-ab12-4e55c70906c9|bowl with Hercules |ARS_Object|O.40810|bowl|Late Antiquity|310/320-430/450 AD|fragmented|clay|potter wheel|http://arachne.dainst.org/entity/7031341|http://arachne.dainst.org/entity/7031342
b02794a5-c4aa-46e4-baaa-54995aca657a|bowl with Triton and woman|ARS_Object|O.40811|bowl|Late Antiquity|310/320-430/450 AD|fragmented|clay|potter wheel|http://arachne.dainst.org/entity/7031367|http://arachne.dainst.org/entity/7031368
03f836b3-2e11-410a-8053-8e1de8f73fbd|bowl with Triton|ARS_Object|O.40812|bowl|Late Antiquity|310/320-430/450 AD|fragmented|clay|potter wheel|http://arachne.dainst.org/entity/7031343|http://arachne.dainst.org/entity/7031344
15eb9dfe-5bce-466e-83ef-7e118a0e363e|bowl with dolphins|ARS_Object|O.40813|bowl|Late Antiquity|310/320-430/450 AD|fragmented|clay|potter wheel|http://arachne.dainst.org/entity/7031345|http://arachne.dainst.org/entity/7031346
870d4d32-d276-49bb-b842-b7e13d7efa2a|bowl with sea monster|ARS_Object|O.40814|bowl|Late Antiquity|310/320-430/450 AD|fragmented|clay|potter wheel|http://arachne.dainst.org/entity/7031293|http://arachne.dainst.org/entity/7031294
56c36ba1-9914-4b1b-af70-ac41eef89614|bowl with Oceanus mask|ARS_Object|O.40815|bowl|Late Antiquity|310/320-430/450 AD|fragmented|clay|potter wheel|http://arachne.dainst.org/entity/7031295|http://arachne.dainst.org/entity/7031296
347f6f28-8812-4be5-afc5-39adc3370509|bowl with Oceanus mask and ram|ARS_Object|O.40816|bowl|||fragmented|clay|potter wheel|http://arachne.dainst.org/entity/7031599|http://arachne.dainst.org/entity/7031600
cbf8f1f8-fd5b-4d96-992f-9100680e795b|bowl with Orpheus and lion|ARS_Object|O.40817|bowl|Late Antiquity|310/320-430/450 AD|fragmented|clay|potter wheel|http://arachne.dainst.org/entity/7031297|http://arachne.dainst.org/entity/7031298
d20cf61f-3d41-455e-a671-0511ebd9383f|bowl with enthroned person|ARS_Object|O.40818|bowl|Late Antiquity|310/320-430/450 AD|fragmented|clay|potter wheel|http://arachne.dainst.org/entity/7031257|http://arachne.dainst.org/entity/7031258
ba3332a8-02d0-4771-a815-a30abcb866dc|bowl with woman|ARS_Object|O.40819|bowl|Late Antiquity|310/320-430/450 AD|fragmented|clay|potter wheel|http://arachne.dainst.org/entity/7031303|http://arachne.dainst.org/entity/7031304
55d1f7b3-32da-486f-8ca2-f4f9a1c958c5|bowl with woman|ARS_Object|O.40820|bowl|Late Antiquity|310/320-430/450 AD|fragmented|clay|potter wheel|http://arachne.dainst.org/entity/7031305|http://arachne.dainst.org/entity/7031306
4b3b8593-d091-4b32-91e6-516c9a6f8dee|bowl with woman and erot|ARS_Object|O.40821|bowl|Late Antiquity|310/320-430/450 AD|fragmented|clay|potter wheel|http://arachne.dainst.org/entity/7031209|http://arachne.dainst.org/entity/7031210
d6d7c1fb-0664-4873-9371-ab1b20b29212|bowl with shepherd and sheep|ARS_Object|O.40822|bowl|Late Antiquity|310/320-430/450 AD|fragmented|clay|potter wheel|http://arachne.dainst.org/entity/7031211|http://arachne.dainst.org/entity/7031212
24225437-d773-4211-90d4-ba8513d2569b|bowl with human and garment|ARS_Object|O.40823|bowl|Late Antiquity|310/320-430/450 AD|fragmented|clay|potter wheel|http://arachne.dainst.org/entity/7031213|http://arachne.dainst.org/entity/7031214
c2f5bec0-1bee-49a1-b68f-d805d9c4b3b5|dish with animal hunt|ARS_Object|O.40824|dish|Late Antiquity|mid-late 4. century AD|fragmented|clay|potter wheel|http://arachne.dainst.org/entity/7031263|http://arachne.dainst.org/entity/7031264
90d10a7c-f73b-4e3a-b8d7-11f6047b2add|bowl with Silen|ARS_Object|O.40825|bowl|Late Antiquity|310/320-430/450 AD|fragmented|clay|potter wheel|http://arachne.dainst.org/entity/7031357|http://arachne.dainst.org/entity/7031358
c53ba5d1-dd07-44c0-8f47-1d8ec703af90|bowl with camel|ARS_Object|O.40826|bowl|Late Antiquity|310/320-430/450 AD|fragmented|clay|potter wheel|http://arachne.dainst.org/entity/7031307|http://arachne.dainst.org/entity/7031308
498c23c1-bc6a-4ca6-80a5-41d56e4dd6eb|bowl with grapevine|ARS_Object|O.40827|bowl|Late Antiquity|310/320-430/450 AD|fragmented|clay|potter wheel|http://arachne.dainst.org/entity/7031259|http://arachne.dainst.org/entity/7031260
53b8183d-c264-45f9-846e-345694e3ad50|bowl with erots|ARS_Object|O.40828|bowl|Late Antiquity|310/320-430/450 AD|fragmented|clay|potter wheel|http://arachne.dainst.org/entity/7031215|http://arachne.dainst.org/entity/7031216
6532867f-138f-4007-8dbf-2e8b3bdb2415|bowl with erot|ARS_Object|O.40829|bowl|Late Antiquity|310/320-430/450 AD|fragmented|clay|potter wheel|http://arachne.dainst.org/entity/7031309|http://arachne.dainst.org/entity/7031310
711fa231-3bf1-4be0-83a7-23ea30138424|bowl with man|ARS_Object|O.40830|bowl|Late Antiquity|310/320-430/450 AD|fragmented|clay|potter wheel|http://arachne.dainst.org/entity/7031311|http://arachne.dainst.org/entity/7031312
c95088a2-4102-4778-a4b3-2c9a43a8cfd1|bowl with human|ARS_Object|O.40831|bowl|||fragmented|clay|potter wheel|http://arachne.dainst.org/entity/7031593|http://arachne.dainst.org/entity/7031594
f937e4a2-286d-4065-8c5c-0461495ec4d1|bowl with human holding palm branch|ARS_Object|O.40832|bowl|Late Antiquity|310/320-430/450 AD|fragmented|clay|potter wheel|http://arachne.dainst.org/entity/7031217|http://arachne.dainst.org/entity/7031218
5c807488-74f9-44ad-91c6-6a63c09f7c13|bowl with woman and helmet|ARS_Object|O.40833|bowl|Late Antiquity|310/320-430/450 AD|fragmented|clay|potter wheel|http://arachne.dainst.org/entity/7031219|http://arachne.dainst.org/entity/7031220
c228ad80-216d-44c1-98a3-2710d7edd252|bowl with ostriches|ARS_Object|O.40834|bowl|Late Antiquity|310/320-430/450 AD|fragmented|clay|potter wheel|http://arachne.dainst.org/entity/7031261|http://arachne.dainst.org/entity/7031262
2cb8f105-42b3-4260-9c6f-8e1819b8d27d|dish with biblical scenes|ARS_Object|O.40835|dish|Late Antiquity|290/300-375|fragmented|clay|potter wheel|http://arachne.dainst.org/entity/7031321|http://arachne.dainst.org/entity/7031322
e6843124-6884-4227-85b3-2343a9aeabbd|rectangular dish with Achilles cycle|ARS_Object|O.40836|rectangular dish|Late Antiquity|350/355 - 450/475 AD|fragmented|clay|mould made|http://arachne.dainst.org/entity/7031553|http://arachne.dainst.org/entity/7031554
aa7e68dd-22f9-44f4-acc5-977c605d3b8f|rectangular dish with Achilles cycle|ARS_Object|O.40837|rectangular dish|Late Antiquity|350/355 - 450/475 AD|fragmented|clay|mould made|http://arachne.dainst.org/entity/7031569|http://arachne.dainst.org/entity/7031570
98a047d3-2dc8-47c9-821c-4fe5c115e231|rectangular dish with Achilles cycle|ARS_Object|O.40838|rectangular dish|Late Antiquity|350/355 - 450/475 AD|fragmented|clay|mould made|http://arachne.dainst.org/entity/7031555|http://arachne.dainst.org/entity/7031556
5f87c160-3237-466c-8ca5-302f2b854a0d|rectangular dish with Achilles cycle|ARS_Object|O.40839|rectangular dish|Late Antiquity|350/355 - 450/475 AD|fragmented|clay|mould made|http://arachne.dainst.org/entity/7031525|http://arachne.dainst.org/entity/7031526
f1471c0d-d513-411c-a7c0-66d1a0f3fb69|rectangular dish with ram and Christogram|ARS_Object|O.40840|rectangular dish|Late Antiquity|350/355 - 450/475 AD|fragmented|clay|mould made|http://arachne.dainst.org/entity/7031571|http://arachne.dainst.org/entity/7031572
450ea7c5-5629-487f-ae15-ff40fcf2a4dd|plate with man and ram|ARS_Object|O.40841|plate|Late Antiquity|5.century AD|fragmented|clay|potter wheel|http://arachne.dainst.org/entity/7031377|http://arachne.dainst.org/entity/7031378
2f8026db-a016-4450-aedb-565f2e985b4f|rectangular dish with Pegasus|ARS_Object|O.40842|rectangular dish|Late Antiquity|350/355 - 450/475 AD|fragmented|clay|mould made|http://arachne.dainst.org/entity/7031511|http://arachne.dainst.org/entity/7031512
33a6d71e-6b76-4dcd-9dcd-80fcb372d33e|plate with human and columns|ARS_Object|O.40843|plate|||fragmented|clay||http://arachne.dainst.org/entity/7031641|http://arachne.dainst.org/entity/7031642
dc5a4091-160c-46f5-b6a8-4fe900037e2f|rectangular dish with Bacchus and vinegrape|ARS_Object|O.40844|rectangular dish|Late Antiquity|310/320-430/450 AD|fragmented|clay|mould made|http://arachne.dainst.org/entity/7031503|http://arachne.dainst.org/entity/7031504
4bd0a149-5287-47b4-801a-8ed84ee7e2c9|rectangular dish with man and tree|ARS_Object|O.40845|rectangular dish|Late Antiquity|350/355 - 450/475 AD|fragmented|clay|mould made|http://arachne.dainst.org/entity/7031513|http://arachne.dainst.org/entity/7031514
ff32015b-4a2f-48b6-922b-d3be6662dfb2|rectangular dish with man under canopy|ARS_Object|O.40846|rectangular dish|Late Antiquity|350/355 - 450/475 AD|fragmented|clay|mould made|http://arachne.dainst.org/entity/7031557|http://arachne.dainst.org/entity/7031558
2b3bcbe8-0a40-4ff8-9f60-56fa4b7215b4|rectangular dish with animals|ARS_Object|O.40847|rectangular dish|||fragmented|clay|mould made|http://arachne.dainst.org/entity/7031625|http://arachne.dainst.org/entity/7031626
2790d60f-aa38-4b56-880e-a4dca4c2d2ea|rectangular dish with animal |ARS_Object|O.40848|rectangular dish|Late Antiquity|350/355 - 450/475 AD|fragmented|clay|mould made|http://arachne.dainst.org/entity/7031559|http://arachne.dainst.org/entity/7031560
ff6d1a57-442b-4f83-b1a4-148451cfa7de|rectangular dish with man and sceptre|ARS_Object|O.40849|rectangular dish|Late Antiquity|350/355 - 450/475 AD|fragmented|clay|mould made|http://arachne.dainst.org/entity/7031515|http://arachne.dainst.org/entity/7031516
f64b0962-c0a3-4891-8587-d82b5503fefe|bowl with medallions|ARS_Object|O.40850|bowl|||fragmented|clay|potter wheel|http://arachne.dainst.org/entity/7031595|http://arachne.dainst.org/entity/7031596
35bb789f-45e8-4167-849a-63c1224bdaad|bowl with medallions|ARS_Object|O.40851|bowl|||fragmented|clay|potter wheel|http://arachne.dainst.org/entity/7031597|http://arachne.dainst.org/entity/7031598
63d1f76a-8462-46a1-aec3-907bbee8fcef|bowl with medallions|ARS_Object|O.40852|bowl|||fragmented|clay|potter wheel|http://arachne.dainst.org/entity/7031611|http://arachne.dainst.org/entity/7031612
769b6bdf-f915-4137-b3be-abf6d40afca2|bowl with medallions|ARS_Object|O.40853|bowl|||fragmented|clay|potter wheel|http://arachne.dainst.org/entity/7031591|http://arachne.dainst.org/entity/7031592
a9e0c26f-8be9-4fd8-bbb9-1d329cd75097|plate with animal|ARS_Object|O.40854|plate|Late Antiquity|430-500 AD|fragmented|clay|potter wheel|http://arachne.dainst.org/entity/7031375|http://arachne.dainst.org/entity/7031376
69dbb49e-6205-45bc-8035-bce4e316bbcd|plate with Hercules cycle|ARS_Object|O.40855|plate|Late Antiquity|260-320 or mid-late 4. century AD|fragmented|clay|potter wheel|http://arachne.dainst.org/entity/7031229|http://arachne.dainst.org/entity/7031230
605c9e73-0a35-4f22-b164-539fe1a611d7|bowl with woman|ARS_Object|O.40858|bowl|Late Antiquity|310/320-430/450 AD|fragmented|clay|potter wheel|http://arachne.dainst.org/entity/7031313|http://arachne.dainst.org/entity/7031314
02698c6e-89d2-4894-9313-3afc3cb6f3a4|bowl with Ganymede|ARS_Object|O.40863|bowl|Late Antiquity|310/320-430/450 AD|reconstructed|clay|potter wheel|http://arachne.dainst.org/entity/7031401|http://arachne.dainst.org/entity/7031402
8eaf5eb2-dca6-4937-a1a7-d8aaf108e0a5|lamp with Christ|ARS_Object|O.40864|lamp|Late Antiquity|330-370 to early 5. century AD|reconstructed|clay|mould made|http://arachne.dainst.org/entity/7031453|http://arachne.dainst.org/entity/7031454
0ece00eb-7af9-494a-bd22-f8d8c1d98c2c|lamp with man|ARS_Object|O.40865|lamp|Late Antiquity|mid-late 4. century AD|complete|clay|mould made|http://arachne.dainst.org/entity/7031175|http://arachne.dainst.org/entity/7031176
9bbd03c5-33a3-4682-90f1-4ddd6c7fe57d|bowl with Minerva|ARS_Object|O.40866|bowl|Late Antiquity|310/320-430/450 AD|complete|clay|potter wheel|http://arachne.dainst.org/entity/7031147|http://arachne.dainst.org/entity/7031148
f36c6669-a657-4094-b89a-c6f435fad703|lamp with camel|ARS_Object|O.40867|lamp|Late Antiquity|330-370 to early 5. century AD|complete|clay|mould made|http://arachne.dainst.org/entity/7031167|http://arachne.dainst.org/entity/7031168
8dd07582-bdda-4e94-b4dc-e944b160cf51|bowl with Lazarus|ARS_Object|O.40868|bowl|Late Antiquity|310/320-430/450 AD|complete|clay|potter wheel|http://arachne.dainst.org/entity/7031195|http://arachne.dainst.org/entity/7031196
04711d52-f425-4c54-9a20-68a272ab2ba3|bowl with martyr and bear|ARS_Object|O.40869|bowl|Late Antiquity|310/320-430/450 AD|fragmented|clay|potter wheel|http://arachne.dainst.org/entity/7031243|http://arachne.dainst.org/entity/7031244
548cfc14-0407-46ba-98f6-bbb2cc044868|bowl with lions, leaves and Kantharoi|ARS_Object|O.40871|bowl|Late Antiquity|mid-late 4. century AD|reconstructed|clay|potter wheel|http://arachne.dainst.org/entity/7031425|http://arachne.dainst.org/entity/7031426
f4a56982-7750-4100-83dd-b159d63da61f|bowl with hunter and lion|ARS_Object|O.41124|bowl|Late Antiquity|310/320-430/450 AD|reconstructed|clay|potter wheel|http://arachne.dainst.org/entity/7031413|http://arachne.dainst.org/entity/7031414
fcc4a6e6-e0fc-4152-80be-6e945e8f3462|bowl with personification of Africa|ARS_Object|O.41125|bowl|Late Antiquity|310/320-430/450 AD|reconstructed|clay|potter wheel|http://arachne.dainst.org/entity/7031499|http://arachne.dainst.org/entity/7031500
ec155409-70c4-45d9-9f73-b2e2ea040284|bowl with three children over flames|ARS_Object|O.41204|bowl|Late Antiquity|310/320-430/450 AD|reconstructed|clay|potter wheel|http://arachne.dainst.org/entity/7031415|http://arachne.dainst.org/entity/7031416
45356d46-ea81-4cbf-9706-486bbcd0c008|jug with Lazarus|ARS_Object|O.41215|jug|||complete|clay||http://arachne.dainst.org/entity/7031633|http://arachne.dainst.org/entity/7031634
350d59bb-4fab-4dad-be2f-af33c4053b8d|bowl with dolphin and erot|ARS_Object|O.41259|bowl|Late Antiquity|310/320-430/450 AD|fragmented|clay|potter wheel|http://arachne.dainst.org/entity/7031363|http://arachne.dainst.org/entity/7031364
6ea50e3c-bc0a-494e-ab44-5b5a0451ae37|bowl with dolphin and erot|ARS_Object|O.41259|bowl|Late Antiquity|310/320-430/450 AD|fragmented|clay|potter wheel|http://arachne.dainst.org/entity/7031361|http://arachne.dainst.org/entity/7031362
c0da1b80-0fc5-49bb-a195-8d3068af7eee|bowl with dolphin and erot|ARS_Object|O.41259|bowl|Late Antiquity|310/320-430/450 AD|fragmented|clay|potter wheel|http://arachne.dainst.org/entity/7031359|http://arachne.dainst.org/entity/7031360
621caf8c-29a5-43f7-9619-b6848a33edf1|bowl with erots on board|ARS_Object|O.41260|bowl|Late Antiquity|310/320-430/450 AD|fragmented|clay|potter wheel|http://arachne.dainst.org/entity/7031369|http://arachne.dainst.org/entity/7031370
fa8a6032-f9a6-4b5a-bbb8-02c6427b08b5|lamp with man|ARS_Object|O.41263|lamp|Late Antiquity|330-370 to early 5. century AD|complete|clay|mould made|http://arachne.dainst.org/entity/7031181|http://arachne.dainst.org/entity/7031182
0d0bb3b4-24dd-4952-9f6d-40a45f79ad99|lamp with human|ARS_Object|O.41264|lamp|Late Antiquity|330-370 to early 5. century AD|complete|clay|mould made|http://arachne.dainst.org/entity/7031145|http://arachne.dainst.org/entity/7031146
cfd0994e-60e3-475b-b160-0aac0986334a|plate with Christogram and medallions|ARS_Object|O.41342|plate|||complete|clay|potter wheel|http://arachne.dainst.org/entity/7031581|http://arachne.dainst.org/entity/7031582
c14d1a9a-7c82-49f2-9fea-02e9238bad16|mould wreath|Manufacturing_Object|O.41360|mould|||fragmented|plaster||http://arachne.dainst.org/entity/7031677|http://arachne.dainst.org/entity/7031678
c4822d39-c1be-4759-8c1d-77ec4aa2d85c|mould satyr|Manufacturing_Object|O.41361|mould||||plaster||http://arachne.dainst.org/entity/7031705|http://arachne.dainst.org/entity/7031706
179e92aa-9648-41f2-9caa-dd90f5776308|mould column and leaves|Manufacturing_Object|O.41362|mould|||fragmented|plaster||http://arachne.dainst.org/entity/7031673|http://arachne.dainst.org/entity/7031674
61b55d27-3778-4b41-bd0c-7acc1cae9d02|mould lions|Manufacturing_Object|O.41363|mould||||plaster||http://arachne.dainst.org/entity/7031707|http://arachne.dainst.org/entity/7031708
9d983713-1a76-4922-8406-be9f6a4721a3|mould lions|Manufacturing_Object|O.41364|mould||||plaster||http://arachne.dainst.org/entity/7031755|http://arachne.dainst.org/entity/7031756
9e2bf16d-54dc-4228-b7fd-6f1d5ce79a2d|mould Victoria|Manufacturing_Object|O.41365|mould||||plaster||http://arachne.dainst.org/entity/7031703|http://arachne.dainst.org/entity/7031704
8d7efbc3-2911-45f3-9648-7d7cf9cb1c9a|mould fishes|Manufacturing_Object|O.41366|mould||||plaster||http://arachne.dainst.org/entity/7031735|http://arachne.dainst.org/entity/7031736
a790ae11-8ab1-48e7-8697-d2a372837c01|mould leaves|Manufacturing_Object|O.41367a|mould||||plaster||http://arachne.dainst.org/entity/7031739|http://arachne.dainst.org/entity/7031740
e8a305e8-5f96-48e2-bb71-7e79ccd6125f|mould leaves|Manufacturing_Object|O.41367b|mould||||plaster||http://arachne.dainst.org/entity/7031741|http://arachne.dainst.org/entity/7031742
f864ca8a-35e9-4e3b-9fb8-6953f0b93ce0|mould leaves|Manufacturing_Object|O.41368|mould|||complete|plaster||http://arachne.dainst.org/entity/7031669|http://arachne.dainst.org/entity/7031670
83f762f2-6a96-4e7a-ba4c-2802496d2654|mould men with phrygian caps|Manufacturing_Object|O.41369|mould||||plaster||http://arachne.dainst.org/entity/7031757|http://arachne.dainst.org/entity/7031758
641865f7-7f87-462e-8bfa-f744846657d2|mould arches and wreath|Manufacturing_Object|O.41370|mould||||plaster||http://arachne.dainst.org/entity/7031721|http://arachne.dainst.org/entity/7031722
5d473619-fcdc-4b1d-be5a-9360de08fe9b|mould arches|Manufacturing_Object|O.41371|mould||||plaster||http://arachne.dainst.org/entity/7031737|http://arachne.dainst.org/entity/7031738
ef8aa147-312e-4387-8209-4b7dc704d9fd|mould human|Manufacturing_Object|O.41372|mould|||fragmented|plaster||http://arachne.dainst.org/entity/7031679|http://arachne.dainst.org/entity/7031680
776a4603-6b86-489a-86ae-df55462ab212|mould ornament|Manufacturing_Object|O.41373|mould||||||http://arachne.dainst.org/entity/7031772|http://arachne.dainst.org/entity/7031773
2faab18d-22f9-4192-baf4-0f3fd86b4c1c|fragment with man|Manufacturing_Object|O.41374|unclassified|||fragmented|plaster||http://arachne.dainst.org/entity/7031683|http://arachne.dainst.org/entity/7031684
69aa5a2a-7a6d-4f53-8dec-789b140dc98f|mould water organ|Manufacturing_Object|O.41375|lamp||||plaster||http://arachne.dainst.org/entity/7031761|http://arachne.dainst.org/entity/7031762
e20f279c-6d32-4439-b151-4771726e4d3e|jug with Orpheus|ARS_Object|O.41376|jug|||fragmented|clay||http://arachne.dainst.org/entity/7031643|http://arachne.dainst.org/entity/7031644
cae104a7-7d05-447c-a5bc-a14cc77c0cab|fragment with ornament|ARS_Object|O.41377||||fragmented|clay||http://arachne.dainst.org/entity/7031687|http://arachne.dainst.org/entity/7031688
21f4439b-2f9d-41bd-b703-f87e0ca5b50a|fragment with ornament|ARS_Object|O.41378a||||fragmented|clay||http://arachne.dainst.org/entity/7031689|http://arachne.dainst.org/entity/7031690
a560aadf-cf6e-4a36-8748-8e8ab3b72236|fragment with ornament|ARS_Object|O.41378b||||fragmented|clay||http://arachne.dainst.org/entity/7031693|http://arachne.dainst.org/entity/7031694
79b9da1b-2cff-42ee-bf9e-d94d4c1812b2|rectangular dish with bearded man|ARS_Object|O.41379|rectangular dish|Late Antiquity|350/355 - 450/475 AD|fragmented|clay|mould made|http://arachne.dainst.org/entity/7031533|http://arachne.dainst.org/entity/7031534
57f5b441-6dc0-44e6-9e75-2c9af28a2717|rectangular dish with pediment|ARS_Object|O.41380|rectangular dish|Late Antiquity|350/355 - 450/475 AD|fragmented|clay|mould made|http://arachne.dainst.org/entity/7031575|http://arachne.dainst.org/entity/7031576
4b3fa131-f27f-4583-b652-1e64297fa4dd|rectangular dish with man and inscription|ARS_Object|O.41381|rectangular dish|Late Antiquity|350/355 - 450/475 AD|fragmented|clay|mould made|http://arachne.dainst.org/entity/7031519|http://arachne.dainst.org/entity/7031520
7f38c80f-ca6e-4f3e-8db5-43673e272758|pottery tool|Manufacturing_Object|O.41382|||||clay||http://arachne.dainst.org/entity/7031768|http://arachne.dainst.org/entity/7031769
2645dac3-436b-42e8-8407-e685911688e1|pottery tool|Manufacturing_Object|O.41383|||||clay||http://arachne.dainst.org/entity/7031764|http://arachne.dainst.org/entity/7031765
fe79ff35-2b75-4123-8cb6-982d0a8505b3|pottery tool|Manufacturing_Object|O.41384|||||clay||http://arachne.dainst.org/entity/7031762|http://arachne.dainst.org/entity/7031763
73bcf8ad-4045-4374-8dd6-1ee730ffef12|pottery tool|Manufacturing_Object|O.41385|||||clay||http://arachne.dainst.org/entity/7031770|http://arachne.dainst.org/entity/7031771
5c83ce00-b820-4908-81b2-821f75c07f76|mould blossoms|Manufacturing_Object|O.41386|mould||||plaster||http://arachne.dainst.org/entity/7031759|http://arachne.dainst.org/entity/7031760
fe558b93-f2c7-4cb1-8171-0fa3b4a269d7|fragment with portrait |ARS_Object|O.41387|unclassified|||fragmented|clay|mould made|http://arachne.dainst.org/entity/7031627|http://arachne.dainst.org/entity/7031628
09a29830-e08d-4384-a4dd-43744bf542a9|fragment with Christogram|ARS_Object|O.41388|unclassified|||fragmented|clay||http://arachne.dainst.org/entity/7031675|http://arachne.dainst.org/entity/7031676
513b6020-9493-4e28-880e-d8dd22d4e7d0|stamp ornaments|Manufacturing_Object|O.41390|stamp |||fragmented|clay||http://arachne.dainst.org/entity/7031681|http://arachne.dainst.org/entity/7031682
937cda01-c1ea-443e-beb6-d057969a5396|stamp ornaments|Manufacturing_Object|O.41391|stamp |||fragmented|clay||http://arachne.dainst.org/entity/7031671|http://arachne.dainst.org/entity/7031672
e2909265-0a83-4c44-8142-6dacd7d7e542|stamp tree|Manufacturing_Object|O.41392|stamp ||||clay||http://arachne.dainst.org/entity/7031749|http://arachne.dainst.org/entity/7031750
6bfd1c89-10f1-4404-a80a-85943170e99b|stamp ornaments |Manufacturing_Object|O.41393|stamp ||||clay||http://arachne.dainst.org/entity/7031751|http://arachne.dainst.org/entity/7031752
a8504e89-2cd9-43a7-b6dd-564ba57e5f36|stamp animal|Manufacturing_Object|O.41394|stamp ||||clay||http://arachne.dainst.org/entity/7031753|http://arachne.dainst.org/entity/7031754
be075e9d-8844-436f-9ee3-d86e1d32e148|stamp Christogram|Manufacturing_Object|O.41395|stamp ||||clay||http://arachne.dainst.org/entity/7031699|http://arachne.dainst.org/entity/7031700
28f18dab-7c13-4cac-b473-4a7c9cecbfb7|dish with Good Shepherd|ARS_Object|O.41396|dish|Late Antiquity|4. century AD|fragmented|clay|potter wheel|http://arachne.dainst.org/entity/7031235|http://arachne.dainst.org/entity/7031236
e8cc4fb2-4efc-4b90-9b34-4c78cd5be14e|bowl with Triton|ARS_Object|O.41397|bowl|Late Antiquity|310/320-430/450 AD|fragmented|clay|potter wheel|http://arachne.dainst.org/entity/7031245|http://arachne.dainst.org/entity/7031246
126c10ea-d557-4462-96fe-100faf9f427e|dish with orant and lions|ARS_Object|O.41398|dish|Late Antiquity|mid-late 4. century AD|fragmented|clay|potter wheel|http://arachne.dainst.org/entity/7031233|http://arachne.dainst.org/entity/7031234
d467599a-bd6e-4843-a1bf-1a835e0660df|bowl with Paris|ARS_Object|O.41399|bowl|Late Antiquity|310/320-430/450 AD|reconstructed|clay|potter wheel|http://arachne.dainst.org/entity/7031479|http://arachne.dainst.org/entity/7031480
87aca77e-71e9-41e5-b34b-bcbf784b5a16|bowl with orant and lions|ARS_Object|O.41400|bowl|Late Antiquity|310/320-430/450 AD|reconstructed|clay|potter wheel|http://arachne.dainst.org/entity/7031417|http://arachne.dainst.org/entity/7031418
6174e215-2419-4b5b-8238-34a60dc9be24|bowl with lions and trees|ARS_Object|O.41401|bowl|Late Antiquity|310/320-430/450 AD|reconstructed|clay|potter wheel|http://arachne.dainst.org/entity/7031419|http://arachne.dainst.org/entity/7031420
32c184aa-8812-48a9-bd19-bed6a38348b0|bowl with man and woman|ARS_Object|O.41402|bowl|Late Antiquity|310/320-430/450 AD|reconstructed|clay|potter wheel|http://arachne.dainst.org/entity/7031481|http://arachne.dainst.org/entity/7031482
868dc8f0-b30d-4c0a-bc67-870fd01344d3|rectangular dish with sitting man|ARS_Object|O.41403|rectangular dish|Late Antiquity|350/355 - 450/475 AD|fragmented|clay|mould made|http://arachne.dainst.org/entity/7031527|http://arachne.dainst.org/entity/7031528
c3001139-8f1b-4b32-934b-d7e08e7f651d|rectangular dish with animal hunt|ARS_Object|O.41404|rectangular dish|Late Antiquity|350/355 - 450/475 AD|fragmented|clay|mould made|http://arachne.dainst.org/entity/7031529|http://arachne.dainst.org/entity/7031530
00f76004-c41b-44b0-a02c-12fc5308be28|rectangular dish with animal hunt|ARS_Object|O.41405|rectangular dish|Late Antiquity|350/355 - 450/475 AD|fragmented|clay|mould made|http://arachne.dainst.org/entity/7031541|http://arachne.dainst.org/entity/7031542
e7782672-bfa6-459f-b8f5-5c32be81f8ab|rectangular dish with animal hunt|ARS_Object|O.41406|rectangular dish|Late Antiquity|350/355 - 450/475 AD|fragmented|clay|mould made|http://arachne.dainst.org/entity/7031543|http://arachne.dainst.org/entity/7031544
660b8899-364e-4162-af3f-1b99d349d6cd|rectangular dish with palm|ARS_Object|O.41407|rectangular dish|Late Antiquity|350/355 - 450/475 AD|fragmented|clay|mould made|http://arachne.dainst.org/entity/7031507|http://arachne.dainst.org/entity/7031508
1c104125-01ab-45dd-9abf-bf564dd55b0c|rectangular dish with erots on board|ARS_Object|O.41408|rectangular dish|Late Antiquity|350/355 - 450/475 AD|fragmented|clay|mould made|http://arachne.dainst.org/entity/7031535|http://arachne.dainst.org/entity/7031536
51870859-ea16-46f9-95b3-84792f01d568|rectangular dish with animal |ARS_Object|O.41409|rectangular dish|Late Antiquity|350/355 - 450/475 AD|fragmented|clay|mould made|http://arachne.dainst.org/entity/7031509|http://arachne.dainst.org/entity/7031510
254608cf-cb82-4773-ac80-2819f2bb5b56|rectangular dish fragment|ARS_Object|O.41410|rectangular dish|||fragmented|clay|mould made|http://arachne.dainst.org/entity/7031621|http://arachne.dainst.org/entity/7031622
4e4808b4-9a42-4572-9dd4-3d072176cc26|rectangular dish fragment|ARS_Object|O.41410|rectangular dish|Late Antiquity|350/355 - 450/475 AD|fragmented|clay|mould made|http://arachne.dainst.org/entity/7031537|http://arachne.dainst.org/entity/7031538
650db531-0912-4de5-87a4-ca5c97de95e4|rectangular dish fragment|ARS_Object|O.41410|rectangular dish|||fragmented|clay|mould made|http://arachne.dainst.org/entity/7031623|http://arachne.dainst.org/entity/7031624
76a6ccae-f408-4ee2-beea-df89d602c42f|rectangular dish fragment|ARS_Object|O.41410|rectangular dish|||fragmented|clay||http://arachne.dainst.org/entity/7031655|http://arachne.dainst.org/entity/7031656
c1adf120-11ae-45b2-aeb9-4d4a37ad9b16|rectangular dish fragment|ARS_Object|O.41410|rectangular dish|||fragmented|clay||http://arachne.dainst.org/entity/7031653|http://arachne.dainst.org/entity/7031654
cbe835e3-0a5c-4e83-a114-39f7ddbc44a7|rectangular dish fragment|ARS_Object|O.41410|rectangular dish|||fragmented|clay||http://arachne.dainst.org/entity/7031651|http://arachne.dainst.org/entity/7031652
ac5d2755-b86a-495a-83b8-e8b426b13983|bowl with drinking scene|ARS_Object|O.41411|bowl|Late Antiquity|350-430 AD|reconstructed|clay|potter wheel|http://arachne.dainst.org/entity/7031405|http://arachne.dainst.org/entity/7031406
0d6418cb-0e20-4dbb-b2f1-2fd1747f7254|bowl with circumferential groove|ARS_Object|O.41412|bowl|Late Antiquity|310/320-430/450 AD|fragmented|clay|potter wheel|http://arachne.dainst.org/entity/7031231|http://arachne.dainst.org/entity/7031232
301fff1e-827d-473d-a8f1-a7e93836de3e|bowl with circumferential groove|ARS_Object|O.41413||||fragmented|clay||http://arachne.dainst.org/entity/7031691|http://arachne.dainst.org/entity/7031692
a7c625aa-bb4d-49ac-a490-98a73272c54f|mould lamp|Manufacturing_Object|O.41414|mould||||plaster||http://arachne.dainst.org/entity/7031701|http://arachne.dainst.org/entity/7031702
d7c27e9b-2f49-4b47-b350-caf192815082|mould lamp with sacrifice of Isaac|Manufacturing_Object|O.41415|mould|||complete|plaster||http://arachne.dainst.org/entity/7031657|http://arachne.dainst.org/entity/7031658
614716b4-4b33-4f51-bd92-c42b539d035d|mould bear|Manufacturing_Object|O.41416|mould||||plaster||http://arachne.dainst.org/entity/7031695|http://arachne.dainst.org/entity/7031696
b72abd68-a629-4e4e-b514-f6307f7fe67f|mould tabula ansata|Manufacturing_Object|O.41417|mould||||plaster||http://arachne.dainst.org/entity/7031723|http://arachne.dainst.org/entity/7031724
d11018cf-0c89-42f3-b543-07c8aa52fdfa|mould erots on board|Manufacturing_Object|O.41418|mould||||plaster||http://arachne.dainst.org/entity/7031709|http://arachne.dainst.org/entity/7031710
023d7257-56dd-416a-8beb-45844ab8408a|mould martyr|Manufacturing_Object|O.41419|mould||||plaster||http://arachne.dainst.org/entity/7031747|http://arachne.dainst.org/entity/7031748
4e7d9bd5-5727-4d49-807b-c70effc88dcd|mould man and woman|Manufacturing_Object|O.41420|mould||||plaster||http://arachne.dainst.org/entity/7031711|http://arachne.dainst.org/entity/7031712
88c61a47-3c3e-4f54-832e-95f1647ca3f3|mould Bacchus|Manufacturing_Object|O.41421|mould||||plaster||http://arachne.dainst.org/entity/7031743|http://arachne.dainst.org/entity/7031744
2721a152-709f-49e3-ae2c-cb75ba6bda1a|mould venator|Manufacturing_Object|O.41422|mould||||plaster||http://arachne.dainst.org/entity/7031725|http://arachne.dainst.org/entity/7031726
4d94382f-1a3b-442b-80cf-1dfc6e3af153|mould Abraham and Isaac|Manufacturing_Object|O.41423|mould||||plaster||http://arachne.dainst.org/entity/7031697|http://arachne.dainst.org/entity/7031698
cb1f10b1-3bab-448f-a50b-939ef5ecdde1|mould Oceanus mask|Manufacturing_Object|O.41424|mould||||plaster||http://arachne.dainst.org/entity/7031713|http://arachne.dainst.org/entity/7031714
0f20cd82-79bd-46b0-860b-7aabd075d7ac|mould Oceanus masks|Manufacturing_Object|O.41425|mould||||plaster||http://arachne.dainst.org/entity/7031727|http://arachne.dainst.org/entity/7031728
a91467ae-47cb-48a1-9f3d-1b3f0e6b50df|mould fishes|Manufacturing_Object|O.41426|mould|||fragmented|plaster||http://arachne.dainst.org/entity/7031685|http://arachne.dainst.org/entity/7031686
cdbdfffb-45d6-4ea3-89c5-2657d63ed647|mould fishes|Manufacturing_Object|O.41427|mould||||plaster||http://arachne.dainst.org/entity/7031729|http://arachne.dainst.org/entity/7031730
5dfedab9-3fee-4f11-937e-cf51054a5ea6|mould fishes|Manufacturing_Object|O.41428|mould||||plaster||http://arachne.dainst.org/entity/7031745|http://arachne.dainst.org/entity/7031746
a19b3ee3-ecbf-430a-ada5-e373c7a8eff7|bowl with Mercury|ARS_Object|O.41452|bowl|Late Antiquity|310/320-430/450 AD|fragmented|clay|potter wheel|http://arachne.dainst.org/entity/7031315|http://arachne.dainst.org/entity/7031316
19d3a1c0-e765-44e4-aba9-ec3fa665d3a1|bowl with man in Cantharus|ARS_Object|O.41453|bowl|Late Antiquity|310/320-430/450 AD|fragmented|clay|potter wheel|http://arachne.dainst.org/entity/7031317|http://arachne.dainst.org/entity/7031318
abbbd296-018b-4094-9131-aaf25280825b|dish with martyr|ARS_Object|O.41454a|dish|Late Antiquity|mid-late 4. century AD|fragmented|clay|potter wheel|http://arachne.dainst.org/entity/7031319|http://arachne.dainst.org/entity/7031320
a635d20a-d1a4-4e5d-a2b2-524f5a6d416e|dish with martyr|ARS_Object|O.41454b|dish|Late Antiquity|mid-late 4. century AD|fragmented|clay|potter wheel|http://arachne.dainst.org/entity/7031265|http://arachne.dainst.org/entity/7031266
a49ddae3-8417-4928-a034-50763bb57d32|bowl with ram and Christogram|ARS_Object|O.41455|bowl|Late Antiquity|310/320-430/450 AD|fragmented|clay|potter wheel|http://arachne.dainst.org/entity/7031221|http://arachne.dainst.org/entity/7031222
a5f7aedf-6f19-4ffd-87cd-5fa1dfaefd98|bowl with man holding wreath|ARS_Object|O.41456|bowl|Late Antiquity|310/320-430/450 AD|fragmented|clay|potter wheel|http://arachne.dainst.org/entity/7031371|http://arachne.dainst.org/entity/7031372
0601716d-b685-4b45-ad2b-3224fc5fc569|bowl with man holding wreath|ARS_Object|O.41457|bowl|Late Antiquity|310/320-430/450 AD|fragmented|clay|potter wheel|http://arachne.dainst.org/entity/7031373|http://arachne.dainst.org/entity/7031374
69d9726e-b3fb-4420-9623-0e654bea07c7|bowl with man|ARS_Object|O.41458|bowl|Late Antiquity|310/320-430/450 AD|fragmented|clay|potter wheel|http://arachne.dainst.org/entity/7031247|http://arachne.dainst.org/entity/7031248
22652cb5-dc43-4fe7-af35-b9c6f45930aa|bowl with Peter and Paul|ARS_Object|O.41459|bowl|Late Antiquity|310/320-430/450 AD|fragmented|clay|potter wheel|http://arachne.dainst.org/entity/7031249|http://arachne.dainst.org/entity/7031250
7f7e2b5c-de75-429e-893c-beec0bdb7ca4|bowl with Peter and Paul|ARS_Object|O.41460|bowl|Late Antiquity|310/320-430/450 AD|reconstructed|clay|potter wheel|http://arachne.dainst.org/entity/7031403|http://arachne.dainst.org/entity/7031404
2f9af441-bf78-4e2b-b932-7b8f331c305d|bowl with Adam and Eve|ARS_Object|O.41461|bowl|Late Antiquity|310/320-430/450 AD|reconstructed|clay|potter wheel|http://arachne.dainst.org/entity/7031501|http://arachne.dainst.org/entity/7031502
42cbfae4-7957-421f-af01-a734227c3349|bowl with martyr and bear|ARS_Object|O.41495|bowl|Late Antiquity|310/320-430/450 AD|reconstructed|clay|potter wheel|http://arachne.dainst.org/entity/7031433|http://arachne.dainst.org/entity/7031434
cf39db75-8eca-447b-8598-37e294a5d26d|bowl with Venus|ARS_Object|O.41502|bowl|Late Antiquity|310/320-430/450 AD|fragmented|clay|potter wheel|http://arachne.dainst.org/entity/7031251|http://arachne.dainst.org/entity/7031252
8eb7e35a-5a39-4934-80e5-7d6d98643a28|bowl with DaphneÂ |ARS_Object|O.41503|bowl|Late Antiquity|310/320-430/450 AD|fragmented|clay|potter wheel|http://arachne.dainst.org/entity/7031253|http://arachne.dainst.org/entity/7031254
25b40190-bc1f-4848-b1dc-6117f52beb19|lamp with tree house|ARS_Object|O.41638|lamp|Late Antiquity|330-370 to early 5. century AD|complete|clay|mould made|http://arachne.dainst.org/entity/7031173|http://arachne.dainst.org/entity/7031174
29282a82-c498-4ec7-ab07-94846a9f84ac|bowl with men and lion|ARS_Object|O.41752|bowl|Late Antiquity|310/320-430/450 AD|complete|clay|potter wheel|http://arachne.dainst.org/entity/7031197|http://arachne.dainst.org/entity/7031198
8b1cbec4-7d37-4381-84d7-9f159ac68ee9|bowl with Hercules and Victoria|ARS_Object|O.41753|bowl|Late Antiquity|310/320-430/450 AD|reconstructed|clay|potter wheel|http://arachne.dainst.org/entity/7031483|http://arachne.dainst.org/entity/7031484
6c9f5e16-284e-4c19-a650-c2ffa31114b5|mould aedicula|Manufacturing_Object|O.41822|mould||||plaster||http://arachne.dainst.org/entity/7031715|http://arachne.dainst.org/entity/7031716
b5ba7f55-f5c0-4619-97b9-1f4a8afeba74|mould men and charioteer|Manufacturing_Object|O.41823|mould||||plaster||http://arachne.dainst.org/entity/7031731|http://arachne.dainst.org/entity/7031732
1a212bd2-66f6-41f3-871f-0a33de751576|bowl with martyr and bear|ARS_Object|O.41911|bowl|Late Antiquity|310/320-430/450 AD|complete|clay|potter wheel|http://arachne.dainst.org/entity/7031183|http://arachne.dainst.org/entity/7031184
10e6f99f-172d-47ba-aa3b-4ff348def88c|bowl with erots and grapes|ARS_Object|O.41944|bowl|Late Antiquity|310/320-430/450 AD|complete|clay|potter wheel|http://arachne.dainst.org/entity/7031139|http://arachne.dainst.org/entity/7031140
e4becfc0-90de-4c14-b40a-34c1962c04bc|bowl with foxes and trees|ARS_Object|O.41945|bowl|Late Antiquity|310/320-430/450 AD|complete|clay|potter wheel|http://arachne.dainst.org/entity/7031149|http://arachne.dainst.org/entity/7031150
b377bb53-4e37-4ffa-9d0b-93040f07527f|bowl with erots on board|ARS_Object|O.41946|bowl|Late Antiquity|310/320-430/450 AD|reconstructed|clay|potter wheel|http://arachne.dainst.org/entity/7031485|http://arachne.dainst.org/entity/7031486
fb07449f-40a7-47a0-a60c-3775daa8df72|bowl with martyr and bear|ARS_Object|O.41962|bowl|Late Antiquity|310/320-430/450 AD|reconstructed|clay|potter wheel|http://arachne.dainst.org/entity/7031445|http://arachne.dainst.org/entity/7031446
b1437346-28e1-4255-96a2-c10bad6a8d1f|mould human under canopy|Manufacturing_Object|O.42033|mould||||plaster||http://arachne.dainst.org/entity/7031717|http://arachne.dainst.org/entity/7031718
5d53e155-256d-4d88-826f-bc5b0665cd8c|dish with men and grapes|ARS_Object|O.42065|dish|||fragmented|clay||http://arachne.dainst.org/entity/7031647|http://arachne.dainst.org/entity/7031648
c146fdcc-1804-4435-870a-02f4f0a0ed1e|rectangular dish with Achilles cycle|ARS_Object|O.42129|rectangular dish|Late Antiquity|350/355 - 450/475 AD|fragmented|clay|mould made|http://arachne.dainst.org/entity/7031545|http://arachne.dainst.org/entity/7031546
c833a181-6d1d-49be-8cb9-7b87c3f0f0b1|bowl with erots on board|ARS_Object|O.42130|bowl|Late Antiquity|280/300 to late 4. century AD|fragmented|clay|potter wheel|http://arachne.dainst.org/entity/7031267|http://arachne.dainst.org/entity/7031268
c9d7e676-b306-4733-9548-5efc05e16337|plate with martyrÂ |ARS_Object|O.42131|plate|Late Antiquity|260-320 or mid-late 4. century AD|fragmented|clay|potter wheel|http://arachne.dainst.org/entity/7031255|http://arachne.dainst.org/entity/7031256
d077c359-f8f5-4034-8dc6-acabd5fbc2a1|bowl with erots on board|ARS_Object|O.42132|bowl|Late Antiquity|280/300 to late 4. century AD|fragmented|clay|potter wheel|http://arachne.dainst.org/entity/7031225|http://arachne.dainst.org/entity/7031226
2392ba20-fc5a-4921-8f5d-040c50ecea03|dish with erots on board|ARS_Object|O.42133|dish|Late Antiquity|mid-late 4. century AD|fragmented|clay|potter wheel|http://arachne.dainst.org/entity/7031223|http://arachne.dainst.org/entity/7031224
022a9d89-8d22-44ee-b421-5c6cb9aeb991|lamp fragment with medallions|ARS_Object|O.42134|lamp|||fragmented|clay|mould made|http://arachne.dainst.org/entity/7031609|http://arachne.dainst.org/entity/7031610
712b3391-fba5-48fb-a7ea-64e17ab6c700|lamp fragment with medallions|ARS_Object|O.42135|lamp|||fragmented|clay|mould made|http://arachne.dainst.org/entity/7031605|http://arachne.dainst.org/entity/7031606
093b9890-c07f-4398-bfd6-e10900afd4c9|lamp fragment with medallions|ARS_Object|O.42136|lamp|||fragmented|clay|mould made|http://arachne.dainst.org/entity/7031613|http://arachne.dainst.org/entity/7031614
31b839fa-c20e-4ef1-853c-21ef53a66acd|bowl with man and woman|ARS_Object|O.42606|bowl|Late Antiquity|310/320-430/450 AD|reconstructed|clay|potter wheel|http://arachne.dainst.org/entity/7031421|http://arachne.dainst.org/entity/7031422
620cdbe4-f845-47d6-a24f-542923af9b5b|jug with Pan|ARS_Object|O.43162|jug|||complete|clay||http://arachne.dainst.org/entity/7031637|http://arachne.dainst.org/entity/7031638
